sentence_no,word,grammar_notes,word_transl,adp_case,scene_role,fn_role,Daniel's Notes,Mans's Notes
,IV,,,***nouns only***,,,,
,,,,,,,,
Sentence 1,Näin,ADV,in this way,,,,,
This is how I had found out about another very important thing: His home star was barely bigger than an ordinary house!(masculine),olin,"V, 1P, SG, indicative, PST",I had,,,,"When preceding a perfect passive participle, the copula olin becomes pluperfect (Karlsson 206).",
,päässyt,"PCP, intransitive","reached, got to, arrived at/in",,,,,
,selville,"ADJ, allative PL","AT/TO/ONTO clear, plain, evident (things)",ALLATIVE,GOAL,"GOAL (onto, Karlsson 19)",GOAL is a child of LOCUS.,
,toisesta,"ADJ, elative SG","a second, another",,,,,
,hyvin,ADV,very,,,,,
,tärkeästä,"ADJ, elative SG",important,,,,,
,asiasta:,"N, elative SG","issue, matter, affair",ELATIVE,TOPIC ,"SOURCE (out from inside, origin, Karlsson 19)","The elative is also often used for adverbials occurring after certain verbs. These verbs include those of speaking, writing, thinking, understanding, liking and knowing. (Karlsson 111)",
,Hänen,"PRON, 3P, genitive SG",her,GENITIVE POSSESSIVE PRONOUN,POSSESSOR,POSSESSOR,"Animate party that has a piece of property (something poten- tially with monetary value: the POSSESSION) on a permanent or temporary basis. The POSSESSION must be alienable, i.e. not a part or attribute of the POSSESSOR. (Schneider 55)",
,kotitähtensä,"N compound, 3P SG POSS suffix",home + star = home star,POSSESSIVE SUFFIX,POSSESSOR,POSSESSOR,"Animate party that has a piece of property (something poten- tially with monetary value: the POSSESSION) on a permanent or temporary basis. The POSSESSION must be alienable, i.e. not a part or attribute of the POSSESSOR. (Schneider 55)",
,oli,"V, 3P, SG, indicative, PST",it was,,,,,
,tuskin,ADV,barely,,,,,
,tavallista,"ADJ, partitive, SG","ordinary, usual, normal, standard",,,,,
,taloa,"N, partitive SG",house,,,,,
,suurempi!,"ADJ, nominative SG",bigger,,,,"no ""than"", like kuin?",
,,,,,,,,
Sentence 2,Se,PRON,it,,,,,
It didn't surprise me much.,ei,"NEG V, 3P SG",didn't,,,,The negation verb is used with the connegative form of the main verb. That form is identical to the second-person singular imperative in the indicative present.  (Wiktionary),
,minua,"N, partitive 1P SG",me,,,,,
,paljon,ADV,much,,,,,
,ihmetyttänyt.,"V, CONNEG, PST",surprised,,,,,
,,,,,,,,
Sentence 3,Tiesinhän,"V, 1P, PST, CLITIC = -han",I knew,,,,"Does the -han mean ""after all"" / ""although""? The meanings on Wiktionary seem quite complex. (https://en.wiktionary.org/wiki/-han)",
"Of course, I knew that apart from the big orbiting stars like Earth, Jupiter, Mars, and Venus, which have been given names, there are hundreds of others that can be so small that you can hardly even see them with a telescope.","toki,",ADV,surely,,,,,
,että,SCONJ,that,,,,,
,paitsi,PREP (+PARTITIVE),"besides, except",PREPOSITION,PARTPORTION,PARTPORTION,"A part, portion, subevent, subset, or set element (e.g., an exam- ple or exception) of some WHOLE. Prototypical prepositions include with, without; such_as, like for exemplifi- cation; and but, except, except_for for exceptions: (Schneider 68)",
,suuria,"ADJ, partitive PL",great,,,,,
,kiertotähtiä,"N, partitive PL","planets, lit. rotation of stars",Object of paitsi,,,,
,kuten,"""ADV""","like, such as",PREPOSITION?,PARTPORTION,PARTPORTION,Xposition: http://flat.nert.georgetown.edu/en/such_as/,
,"Maa,","N, nom SG",Earth,,,,,
,"Jupiter,","N, nom SG",Jupiter,,,,,
,Mars,"N, nom SG",Mars,,,,,
,ja,CCONJ,and,,,,,
,"Venus,","N, nom SG",Venus,,,,,
,joille,"PRON, allative PL",onto which,ALLATIVE,GOAL,GOAL,,
,on,"V, 3P, SG, PRS",is,,,,,
,annettuu,"V, PCP = ""nut"", CMP = ""pos"", partitive PL",given,,,,#NAME?,
,"nimiä,","N, partitive PL",names,,,,,
,on,"V, 3P, SG, PRS",is,,,,,
,olemassa,"3P active infinitive of ""olla"", inessive case","exist, there are",,,,How does the inessive work with an infinitive? ,
,satoja,"N, partitive PL",hundreds,,,,,
,"muita,","ADJ, partitive PL",others,,,,,
,jotka,"PRON, nom PL",that,,,,,
,voivat,AUX,can ,,,,,
,olla,V,be,,,,,
,niin,ADV,so,,,,,
,"pieniä,",,small,,,,,
,että,SCONJ,that,,,,,
,niitä,PRON,them,,,,,
,tuskin,ADV,hardly,,,,,
,näkee,V,see,,,,,
,edes,ADV,at all,,,,,
,kaukoputkella.,"N, adessive SG",with a telescope,ADESSIVE,INSTRUMENT,INSTRUMENT,"Karlsson 19 lists base cases of Adessive as ""on; instrument"", so I am treating both as acceptable ""protypical forms"" for the adessive case marker.",
,,,,,,,,
Sentence 4,Kun,CONJ,when,,,,,
"When an astronomer invents one of them, he names it by number.",tähtitieteilijä,"N, nom SG",astronomer,,,,,
,keksii,V,invents,,,,,
,jonkin,PRON,one,,,,,
,"niistä,","N, elative 3rd PL",of them,ELATIVE,QUANTITYITEM,SOURCE,"Parents: GESTALT <- CONFIGURATION. Otherwise, if the object refers to a specific item or set, and the quantity
measures a portion of that item (whether a quantifier, absolute measure, or fractional measure), the construal QUANTITYITEMYWHOLE is used: (Schneider 62)",
,nimittää,V,names,,,,,
,hän,PRON,he,,,,,
,sitä,ARTICLE,the,,,,,
,numerolla.,ADESSIVE SG,by number.,,,,,
,,,,,,,,
Sentence 5,Hän,PRON,he,,,,,
"He names it, for example: >> Asteroid 3251. >>(masculine)",antaa,V,gives,,,,,
,sille,"PRON, allative",to it,ALLATIVE,RECIPIENT,GOAL,give THEME to RECIPIENT...,
,nimeksi,N,name,TRANSLATIVE,THEME?,GOAL,"A name is given such that the star receives the name as its final ""end state"". It appears that the translative case is typically a GOAL argument, as in autoksi: to become a car. Here, ""to become a name""??",
,esimerkiksi:,"N, translative",for example (becoming an example?),TRANSLATIVE,PURPOSE?,GOAL,"""The translative generally expresses a state, property, function, or position into which something or someone enters, or the end point of a movement or change. (Karlsson 125)",
,>>Asteroidi,Nominal,Asteroid,,,,,
,3251.>>,Nominal,3251,,,,,
,,,,,,,,
Sentence 6,Minulla,"PRON, 1P SG, adessive",on me,ADESSIVE,EXPERIENCER,LOCUS,EXPERIENCER is the Child of PARTICIPANT.,
I have every reason to believe that the star from which the little prince came is Asteroid B 612.,on,"V, 3P, SG, PRS",is,,,,,
,täysi,"ADJ, nom SG",every,,,,,
,syy,N,reason,,,,,
,"uskoa,","V, infinitive",to believe,,,,,
,että,CONJ,that,,,,,
,"tähti,",N,the star,,,,,
,josta,"PRON, SG, elative","from which, wherof",ELATIVE,SOURCE,SOURCE,Child of LOCUS.,
,pikku,ADJ,the little,,,,,
,prinssi,N,prince,,,,,
,"tuli,","V, 3rd PAST, intransitive",came,,,,,
,on,"V, 3P, SG, PRS",is,,,,,
,Asteroidi,Nominal,Asteroid B-612.,,,,,
,B,Nominal,,,,,,
,612,Nominal,,,,,,
,,,,,,,,
Sentence 7,Tämä,demonstrative,this,,,,,
"This little star has only appeared on the telescope once, in 1909, when it was invented by a Turkish astronomer.",pikku,ADJ,little,,,,,
,tähti,N,star,,,,,
,ei,"NEG V, 3P SG","didn't -> ""only""?",,,,,
,ole,V,is,,,,,
,näkynyt,V,appear,,,,,
,kaukoputkella,"N, adessive SG",on/with the telescope,ADESSIVE,LOCUS,LOCUS,"""It is only seen with the telescope"" would make for a more juicy EXPLANATION -> INSTRUMENT annotation. But LOCUS seems simpler, ala Occam's Razor.",
,kuin,CONJ,than / but,,,,,
,"kerran,",ADV,once,,,,,
,vuonna,ADV,in the year,ESSIVE / LOCATIVE (archaic),,,"Wiktionary: ""old essive (originally locative) singular form of 'vuosi"".",
,"1909,",,1909,,,,,
,jolloin,CONJ,when,,,,,
,sen,"PRON, accusative / genitive SG",it,,,,,
,keksi,"V, 3rd SG PST",invented,,,,,
,eräs,DET,certain,,,,,
,turkkilainen,ADJ,Turkish,,,,,
,tähtitieteilijä.,"N, nom SG",astronomer,,,,,
,,,,,,,,
Sentence 8,Hän,,he,,,,,
He then gave an extensive account of his discovery at an International Meeting of Astronomers.(masculine),antoi,,gave,,,,,
,silloin,ADV,then,,,,,
,löydöstään,"N, partitive, 3rd poss",about his discovery,ELATIVE,TOPIC,SOURCE,N.B.: This has both a case marking and a possessive suffix.,
,#NAME?,,,3RD PERSON POSSESSIVE SUFFIX,POSSESSOR,POSSESSOR,,
,laajan,"ADJ, genitive / accusative ",extensive,,,,,
,selostuksen,"N, genitive / accusative","commentary, account",,,,,
,eräässä,DET,at/in a certain,INESSIVE,LOCUS,LOCUS,,
,Tähtitieteilijöiden,"N, GEN",of Astronomers,,,,,
,Kansainvälisessä,,International,,,,,
,Kokouksessa.,,Meeting,INESSIVE,LOCUS,LOCUS,,
,,,,,,,,
Sentence 9,Mutta,,But,,,,,
But no one believed him because of his strange costume.(masculine),kukaan,,anyone,,,,,
,ei,,not,,,,,
,uskonut,,believe,,,,,
,häntä,partitive,him,,,,,
,hänen,genitive,his,GENITIVE POSSESSIVE PRONOUN,POSSESSOR,POSSESSOR,,
,eriskummallisen,ADJ,because,,,,,
,pukunsa,"N, 3rd poss suffix",dress,Genitive Object of takia,,,,
,takia.,(GENITIVE) + POSTPOSITION,"because of, due to",POSTPOSITION,EXPLANATION,EXPLANATION,,
,,,,,,,,
Sentence 10,Isot,,big,,,,,
Big people are like that.,ihmiset,,people,,,,,
,ovat,,are,,,,,
,sellaisia.,"ADJ, partitive PL","such, that kind of (person)",,,,,
,,,,,,,,
Sentence 11,Asteroidi,,,,,,,
"Fortunately for asteroid B 612, a Turkish dictator then forced his people to wear European clothes under the threat of the death penalty.(masculine)",B,,,,,,,
,612:lle,,For Asteroid B 612,ALLATIVE,BENEFICIARY,GOAL,"What's with the colon, is it a roughshod way to append the allative case ending? I double checked the text and that IS how it's represented.",
,onneksi,ADV,fortunately,,,,,
,eräs,DET,a certain,,,,,
,turkkilainen,,Turkish,,,,,
,diktaattori,,dictator,,,,,
,pakotti,,forced,,,,,
,sitten,ADV,then,,,,,
,kansansa,"POSS, 3P",his people,,,,,
,#NAME?,,,POSSESSIVE SUFFIX,POSSESSOR,POSSESSOR,,
,kuolemanrangaistuksen,ACC/GEN,of the death penalty,GENITIVE,TOPIC,POSSESSOR,,
,uhalla,GEN + PREP/ADV,"at the risk of, under threat of ",POSTPOSITION,INSTRUMENT?,INSTRUMENT?,"derived from uhka, meaning threat",
,pukeutumaan,ILLATIVE infinitive,into dressing/wearing,ILLATIVE,,,,
,eurooppalaisiin,ILLATIVE,European,,,,Object of an infinitive shares the case?,
,vaatteisiin.,ILLATIVE,clothing,ILLATIVE,???,???,,
,,,,,,,,
Sentence 12,Vuonna,ADV,in the year,ESSIVE / LOCATIVE (archaic),,,,
"In 1920, the astronomer gave a new account of his discovery, very nicely dressed.(masculine)",1920,,1920,,,,not case marked,
,tähtitieteilijä,,the astronomer,,,,,
,antoi,,gave,,,,,
,uuden,,a new,,,,,
,selostuksen,"N, genitive / accusative","commentary, account",,,,,
,"löydöstään,","N, partitive, 3rd poss",about his discovery,ELATIVE,TOPIC,SOURCE,N.B.: This has both a case marking and a possessive suffix.,
,#NAME?,,,3RD PERSON POSSESSIVE SUFFIX,POSSESSOR,POSSESSOR,,
,hyvin,ADV,very,,,,,
,hienosti,ADV,finely / nicely,,,,,
,pukeutuneena.,essive pcp,dressed,,,,"7/17 meeting: ""case forms can be annotated differently for verbs""",
,,,,,,,,
Sentence 13,Ja,,and,,,,,
And this time everyone believed him.(masculine),tällä,DEM,this,,,,,
,kertaa,partitive,time,PARTITIVE,QUANTITYITEM??? (this one time of times),???,Should I annotate this as an adverbial phrase? I'm not sure why it's in the partitive.,
,kaikki,PRON,all / everybody,,,,,
,uskoivat,,believed,,,,,
,häntä.,PAR,him.,,,,,
,,,,,,,,
Sentence 14,Jos,,if,,,,,
"If I told you so accurately Asteroid B 612 copies and gave you a number, so it has happened because of the big people.",olen,,I,,,,,
,näin,ADV,"thus, so",,,,,
,tarkasti,ADV,"closely, precisely, accurately",,,,,
,kertonut,,told,,,,,
,teille,,to you,ALLATIVE,RECIPIENT,GOAL,,
,Asteroidi,NOM?,,,,,,
,B,,,,,,,
,612:sta,,about Asteroid B-612,ELATIVE,TOPIC,SOURCE,,
,sta,,,,,,"Error in parsing, should be the tacked on elative ending to 612: sta",
,ja,,and,,,,,
,antanut,,gave,,,,,
,teille,,to you,ALLATIVE,RECIPIENT,GOAL,,
,sen,PRON,its,,,,,
,"numeron,",GEN/ACC,number,,,,,
,niin,ADV,so,,,,,
,se,,it,,,,,
,on,,has,,,,,
,tapahtunut,,happened,,,,,
,isojen,,big,,,,,
,ihmisten,,people,,,,,
,vuoksi.,Genitive + POSTPOSITION + possessive suffix,because of ,POSTPOSITION,EXPLANATION,EXPLANATION,,
,,,,,,,,
Sentence 15,Aikuiset,,Adults,,,,,
Adults love numbers.,rakastavat,,love,,,,,
,numeroita.,partitive,numbers,,,,,
,,,,,,,,
Sentence 16,Kun,,when,,,,,
"When you even tell them about your new friend, they will never ask you the right things.",kerrotte,,you tell,,,,,
,heille,,to them,ALLATIVE,RECIPIENT,GOAL,,
,vaikka,ADV,"even when, even if, although",,,,,
,uudesta,elative adj,new,,,,,
,"ystävästänne,",,your friend,ELATIVE,TOPIC,SOURCE,,
,#NAME?,poss PL2,,POSSESSIVE SUFFIX,POSSESSOR,POSSESSOR,,
,niin,ADV,so,,,,,
,he,,they,,,,,
,eivät,,do not,,,,,
,milloinkaan,,ever,,,,,
,kysy,,ask,,,,,
,teiltä,,from you,ABLATIVE,SOURCE,SOURCE,"Karlsson 117: The ablative expresses movement ""off or from a surface"" or ""from near"" or ""from someone"". Seems like all the case markers might have ""multiple prototypes"". I can dive into diachronics to see what the ""orginal"" protoype was, but that seems like a misguided task.",
,oikeita,,the right,,,,,
,asioita.,PAR,things,,,,,
,,,,,,,,
Sentence 17,He,,they,,,,,
"They never say, >> What is his voice like?(masculine)",eivät,,do not,,,,,
,milloinkaan,,ever,,,,,
,sano:,,say,,,,,
,>>Minkälainen,,What kind of,,,,,
,on,,is,,,,,
,hänen,,his (emphasis),GENITIVE,POSSESSOR,POSSESSOR,,
,äänensä?,,his voice,GENITIVE,POSSESSOR,POSSESSOR,,
,,,,,,,,
Sentence 18,Mistä,,Which,,,,,
Which games does he like the most?,leikeistä,,games,ELATIVE,WHOLE,SOURCE,which subset out of all games; counterpart of PARTPORTION,
,hän,,he,,,,,
,pitää,,like,,,,,
,eniten?,adv,most,,,,,
,,,,,,,,
Sentence 19,Kerääkö,#NAME?,collect + interrogative clitic,,,,,
Does he collect butterflies?,hän,,he,,,,,
,perhosia?>>,PAR,butterflies,,,,,
,,,,,,,,
Sentence 20,Vaan,,But,,,,,
But they ask: how old is he?,he,,they,,,,,
,kysyvät:,,ask,,,,,
,Kuinka,ADV/wh-word?,how,,,,,
,vanha,,old,,,,,
,hän,,he,,,,,
,on?,,is?,,,,,
,,,,,,,,
Sentence 21,>>Kuinka,,how,,,,,
How many brothers does he have?,monta,,many,,,,,
,veljeä,PAR,brothers,,,,,
,hänellä,,does he have,ADESSIVE,POSSESSOR,POSSESSOR (LOCUS?),"possessive structure: possessor is adessive, and on follows, and partitive object at some point (Karlsson 69). Should function role be LOCUS, or is it ok for adessive to have 2 function roles depending on whether the possessive structure with on and a partitive object is there or not. My gut is leaning towards the latter, so there is a POSSESSOR fn role and a LOCUS fn role as options.",
,on?,,,,,,,
,,,,,,,,
Sentence 22,Kuinka,ADV,how,,,,,
How much does he weigh?,paljon,ADV,much,,,,,
,hän,,he,,,,,
,painaa?,,weigh,,,,,
,,,,,,,,
Sentence 23,Paljonko,,how much,,,,,
How much does his father get paid?,hänen,GEN,his (emphatic),,,,,
,isänsä,NOM,his father,,,,,
,saa,,get,,,,,
,palkkaa?,PAR,salary,,,,,
,>>,,,,,,,
,,,,,,,,
Sentence 24,Vasta,,,,,,,
Only then do they think they know her.,silloin,,,,,,,
,he,,,,,,,
,luulevat,,,,,,,
,hänet,,,,,,,
,tuntevansa.,,,,,,,
,,,,,,,,
Sentence 25,Jos,,,,,,,
"If, however, the big people say: >> I have seen the beautiful, on the red brick house, whose windows blooming geranium and kuhertelivat pigeons on the roof ...>, so they can not imagine this house.",taas,,,,,,,
,sanotte,,,,,,,
,isoille,,big,,,,,
,ihmisille:,,people,ALLATIVE,RECIPIENT,GOAL,,
,>>Olen,,,,,,,
,nähnyt,,,,,,,
,"kauniin,",,,,,,,
,punaisista,,red,,,,,
,tiilistä,,bricks,ELATIVE,STUFF,SOURCE,,
,tehdyn,"participle, ACC",made,,,,,
,"talon,",ACC,house,,,,,
,jonka,PRON,whose ,GENITIVE,POSSESSOR,POSSESSOR,,
,ikkunoilla,,on (whose) windows,ADESSIVE,LOCUS,LOCUS,,
,kukkivat,,,,,,,
,kurjenpolvet,,,,,,,
,ja,,,,,,,
,jonka,PRON,whose ,GENITIVE,POSSESSOR,POSSESSOR,,
,katolla,,on whose roof,ADESSIVE,LOCUS,LOCUS,,
,kuhertelivat,,,,,,,
,"kyyhkyset…>,",,,,,,,
,niin,,,,,,,
,he,,,,,,,
,eivät,,,,,,,
,osaa,,,,,,,
,kuvitella,,,,,,,
,tätä,,,,,,,
,taloa.,,,,,,,
,,,,,,,,
Sentence 26,Heille,,to them,ALLATIVE,RECIPIENT,GOAL,,
"For them, it must be said: >> I have seen a hundred thousand marks to pay the house >>.",on,,,,,,,
,sanottava:,,,,,,,
,>>Olen,,,,,,,
,nähnyt,,,,,,,
,satatuhatta,,,,,,,
,markkaa,,,,,,,
,maksavan,,,,,,,
,talon.>>,,,,,,,
,,,,,,,,
Sentence 27,Jolloin,,,,,,,
"Then they exclaim: >> Ah, how beautiful! >>",he,,,,,,,
,huudahtavat:,,,,,,,
,">>Ah,",,,,,,,
,kuinka,,,,,,,
,kaunista!>>,,,,,,,
,,,,,,,,
Sentence 28,Jos,,,,,,,
"So if you tell them, >> The fact that the little prince was charming, that he laughed and wanted a sheep, proves that he really lived.",siis,,,,,,,
,sanot,,,,,,,
,heille:,,to them,ALLATIVE,RECIPIENT,GOAL,,
,">>Se,",,,,,,,
,että,,,,,,,
,pikku,,,,,,,
,prinssi,,,,,,,
,oli,,,,,,,
,"veihättävä,",,,,,,,
,että,,,,,,,
,hän,,,,,,,
,nauroi,,,,,,,
,ja,,,,,,,
,halusi,,,,,,,
,"lampaan,",,,,,,,
,"todistaa,",,,,,,,
,että,,,,,,,
,hän,,,,,,,
,on,,,,,,,
,todella,ADV - not a case ending,really ,,,,,
,elänyt.,,,,,,,
,,,,,,,,
Sentence 29,Lampaan,accusative,a sheep,,,,"Not genitive, not really ""wanting of a sheep"", because halua just takes the ACC?",
"Wishing a sheep is a proof of existence >>, so they just shrug their shoulders and consider you childish.",haluaminen,NOM,wanting,,,,,
,on,,,,,,,
,todistus,NOM,proof,,,,,
,"olemassaolosta>>,",,of experience,ELATIVE,TOPIC,SOURCE,,
,niin,,,,,,,
,he,,,,,,,
,vain,,,,,,,
,kohauttelevat,,,,,,,
,olkapäitään,PAR,their shoulders,,,,,
,#NAME?,,,POSSESSIVE SUFFIX,POSSESSOR,POSSESSOR,,
,ja,,,,,,,
,pitävät,,,,,,,
,sinua,,,,,,,
,lapsellisena.,ADJ,as childish,ESSIVE,IDENTITY,IDENTITY,,
,,,,,,,,
Sentence 30,Mutta,,,,,,,
"But if you say to them, “The star from which he came is Asteroid B 612 >>, they will believe it and will not ask you in vain.(masculine)",jos,,,,,,,
,sanot,,,,,,,
,heille:,,to them,ALLATIVE,RECIPIENT,GOAL,,
,">>Tähti,",,,,,,,
,josta,,from/out of which,ELATIVE,SOURCE,SOURCE,"elative is source ""inside""... do I need to make a better distinction with SNACS? SNACS needs to make a better distinction for Finnish?",
,hän,,,,,,,
,"tuli,",,,,,,,
,on,,,,,,,
,Asteroidi,,,,,,,
,B,,,,,,,
,"612>>,",,,,,,,
,uskovat,,,,,,,
,he,,,,,,,
,sen,,,,,,,
,eivätkä,#NAME?,nor,,,,,
,kysele,,,,,,,
,sinulta,Ablative singular pronoun,off of you,ABLATIVE,SOURCE,SOURCE,"Karlsson 117: ""The ablative expresses movement 'off or from a surface' or 'from near' or 'from someone'. Why is this external rather than internal movement?",
,turhia.,PAR,useless (things),,,,,
,,,,,,,,
Sentence 31,He,,,,,,,
They are like that.,ovat,,,,,,,
,sellaisia.,,like that,,,,,
,,,,,,,,
Sentence 32,Ei,,,,,,,
Don't be mad at them.,pidä,,,,,,,
,olla,,,,,,,
,heille,,,ALLATIVE,STIMULUS,RECIPIENT,"STIMULUS->TOPIC is assigned to cases where the PP describes the topic or content of one’s emotion: I was angry with him (43-44). STIMULUS: That which is perceived or experienced (bodily, perceptually, emotionally), Stimulus is a child of Participant.",
,vihainen.,,,,,,"^ DChen: So the noun object is the “source” or ""stimulus"" of the subject’s emotion, even in this imperative context with implied ""you' as the subject.",
,,,,,,,,
Sentence 33,Lasten,,,,,,,
Children must try to suffer big people.,täytyy,,,,,,,
,koettaa,,,,,,,
,kärsiä,,,,,,,
,isoja,,,,,,,
,ihmisiä.,,,,,,,
,,,,,,,,
Sentence 34,Mutta,,,,,,,
"But we who understand life, of course, care about the five numbers!","me,",,,,,,,
,jotka,,,,,,,
,ymmärrämme,,,,,,,
,"elämää,",,,,,,,
,me,,,,,,,
,tietenkin,,,,,,,
,välitämme,,,,,,,
,viis,,,,,,,
,numeroista!,,about the numbers,ELATIVE,TOPIC,SOURCE,,
,,,,,,,,
Sentence 35,Olisin,,,,,,,
I would have liked to start this story like a fairy tale.,halunnut,,,,,,,
,alkaa,,,,,,,
,tämän,,,,,,,
,tarinan,,,,,,,
,satujen,,,GENITIVE,MANNER,POSSESSOR,Fun usage of both adposition and case role. Potential forced construal from the adposition? (hence the different function roles),
,tapaan.,,,POSTPOSITION,MANNER,MANNER,"Used postpositionally with the headword in GENITIVE case to signify ""in the style of"", ""in the manner of""... (Wiktionary)",
,,,,,,,,
Sentence 36,Olisin,,,,,,,
I would have liked to have said: >> Once upon a time there was a little prince who barely lived in a bigger star than himself and who needed a friend… >>,mielelläni,,,,,,,
,sanonut:,,,,,,,
,>>Olipa,ADV phrase ,Once upon a time,,,,,
,kerran,ADV phrase,,,,,,
,pieni,,,,,,,
,"prinssi,",,,,,,,
,joka,,,,,,,
,asui,,,,,,,
,tuskin,,,,,,,
,itseään,"PAR, 3rd possessive SG",itself,,,,,
,#NAME?,,,POSSESSIVE SUFFIX,POSSESSOR,POSSESSOR,,
,isommassa,,larger,,,,,
,tähdessä,,in a star,INESSIVE,LOCUS,LOCUS,,
,ja,,,,,,,
,joka,,,,,,,
,tarvitsi,,,,,,,
,ystävää…,,,,,,,
,>>,,,,,,,
,,,,,,,,
Sentence 37,"Ne,",,,,,,,
Those who understand life would have immediately noticed that I am telling the truth.,jotka,,,,,,,
,ymmärtävät,,,,,,,
,"elämää,",,,,,,,
,olisivat,,,,,,,
,heti,,,,,,,
,"huomanneet,",,,,,,,
,että,,,,,,,
,puhun,,,,,,,
,totta.,,,,,,,
,,,,,,,,
Sentence 38,Sillä,,,,,,,
For I would not want my book to be read like a light fairy tale.,en,,,,,,,
,"haluaisi,",,,,,,,
,että,,,,,,,
,kirjaani,,,,,,,
,luetaan,,,,,,,
,kuin,"takes PAR or NOM, SCONJ = as if",like,PREPOSITION ,MANNER,COMPARISONREF,,
,kevyttä,PAR,a light,,,,,
,satua.,PAR,fairytale,PARTITIVE,MANNER,INDEFINITE OBJECT (not in SNACS),"I guess objects could get annotations... since they are being construed as something different. Even in the case of something like partitive case, that just marks indefinite things?",
,,,,,,,,
Sentence 39,Näiden,,,,,,,
Telling these memories is so sad to me.,muistojen,,,,,,,
,kertominen,,,,,,,
,on,,,,,,,
,minusta,,,,,,,
,niin,,,,,,,
,surullista.,,,,,,,
,,,,,,,,
Sentence 40,Jo,,,,,,,
It’s been six years since my friend left with his sheep.(masculine),kuusi,,,,,,,
,vuotta,,,,,,,
,on,,,,,,,
,kulunut,,,,,,,
,"siitä,",,,,,,,
,kun,,,,,,,
,ystäväni,,,,,,,
,lähti,,,,,,,
,pois,,,,,,,
,lampaineen.,,with his sheep,COMITATIVE,ANCILLARY,ANCILLARY,child of PARTICIPANT,
,,,,,,,,
Sentence 41,Jos,,,,,,,
"If I try to describe him here, it is because I do not want to forget him.(masculine)",tässä,,,,,,,
,koetan,,,,,,,
,häntä,,,,,,,
,"kuvailla,",,,,,,,
,johtuu,,,,,,,
,se,,,,,,,
,"siitä,",,,,,,,
,etten,,,,,,,
,halua,,,,,,,
,unohtaa,,,,,,,
,häntä.,,,,,,,
,,,,,,,,
Sentence 42,On,,,,,,,
It is always sad to forget a friend.,aina,,,,,,,
,surullista,,,,,,,
,unohtaa,,,,,,,
,ystävä.,,,,,,,
,,,,,,,,
Sentence 43,Eikä,,and not,,,,,
And not everyone has even had a friend.,kaikilla,,everyone,ADESSIVE,POSSESSOR,POSSESSOR (LOCUS?),"possessive structure: possessor is adessive, and on follows, and partitive object at some point (Karlsson 69). Should function role be LOCUS, or is it ok for adessive to have 2 function roles depending on whether the possessive structure with on and a partitive object is there or not. My gut is leaning towards the latter, so there is a POSSESSOR fn role and a LOCUS fn role as options.",
,ole,,copula,,,,,
,edes,,,,,,,
,ollut,,,,,,,
,ystävää.,,friend,,,,Partitive Object of kaikilla ole,
,,,,,,,,
Sentence 44,Sitä,"PRON, part sing., object of paitsi","that, it ",,,,"""it"" standing in for the content of the sentence...",
"Besides, I can become like big people who no longer care about anything but numbers.",paitsi,PREP +partitive (Karlsson 221),besides,PREPOSITION,PARTPORTION,PARTPORTION,"listed as a preposition in Karlsson, but is presented as a postposition here.. likely because ""sita paitsi"" is a phrase?",
,minusta,,I think that,,,,,
,voi,,(I can),,,,,
,tulla,,,,,,,
,sellainen,,,,,,,
,kuin,"takes PAR or NOM, SCONJ = as if",like,PREPOSITION ,COMPARISONREF,COMPARISONREF,"""The reference point in an explicit comparison (or contrast), i.e., an expression indicating that something is similar/analogous to, different from, the same as, or an alternative to something else."" (Schneider 73)",
,isot,NOM,big,,,,,
,"ihmiset,",NOM,people,,,,,
,jotka,NOM,who,,,,,
,eivät,,,,,,,
,välitä,,,,,,,
,enää,,,,,,,
,muusta,takes ELATIVE,"but,",PREPOSITIONAL PHRASE,PARTPORTION,PARTPORTION,muusta kuin is a phrase,
,kuin,takes ELATIVE,except,PREPOSITIONAL PHRASE,PARTPORTION,PARTPORTION,,
,numeroista.,,numbers,ELATIVE,PARTPORTION,SOURCE,,
,,,,,,,,
Sentence 45,Tämänkin,#NAME?,also this,,,,,
This is also why I bought a color box and pens.,takia,,"because of, for this reason",POSTPOSITION,EXPLANATION,EXPLANATION,"PURPOSE is more specifically a desired outcome, it's more fine-grained than EXPLANATION which is a simple why. More clausal-type things seem to be annotated as EXPLANATION, PURPOSE is smaller in scope, like ""for a leg injury"" (I wonder if BERT would make this distinction)",
,ostin,,,,,,,
,värilaatikon,,,,,,,
,ja,,,,,,,
,kyniä.,,,,,,,
,,,,,,,,
Sentence 46,Minun,,,,,,,
"At my age, it’s hard to start drawing again when you’ve never tried to do anything but a closed and open boa snake when you were six!",ikäisenäni,,as (a person of) my age,ESSIVE,IDENTITY,IDENTITY,,
,#NAME?,,my,POSSESSIVE SUFFIX,POSSESSOR,POSSESSOR,,
,on,,,,,,,
,vaikeaa,,,,,,,
,aloittaa,,,,,,,
,uudestaan,,,,,,,
,"piirtäminen,",,,,,,,
,kun,,,,,,,
,ei,,,,,,,
,milloinkaan,,,,,,,
,ole,,,,,,,
,yrittänyt,,,,,,,
,tehdä,,,,,,,
,muuta,,"but,",PREPOSITIONAL PHRASE,PARTPORTION,PARTPORTION,,
,kuin,,except,PREPOSITIONAL PHRASE,PARTPORTION,PARTPORTION,,
,suljetun,ACC,,,,,"unlike elative case, won't be annotated cause it's ACC... wonder if there's a distinction between whether the object is elative or accusative",
,ja,,,,,,,
,avonaisen,,,,,,,
,boa-käärmeen,,,,,,,
,kuusivuotiaana!,,as the age of six,ESSIVE,IDENTITY,IDENTITY,,
,,,,,,,,
Sentence 47,Tietenkin,,,,,,,
"Of course, I try to make my portrait as visible as possible.",koetan,,,,,,,
,saada,,,,,,,
,muotokuvani,,,,,,,
,niin,,,,,,,
,näkóisiksi,"TRANSLATIVE adjective, PL",as visible,,,,,
,kuin,ADV,as ,,,,Choosing not to annotate this as a preposition because of the partitive object being an adjective... Could be overly discriminatory in the end.,
,mahdollista.,PARTITIVE (not ELATIVE),possible,,,,,
,,,,,,,,
Sentence 48,Mutta,,,,,,,
But I'm not quite sure if I will succeed.,en,,,,,,,
,ole,,,,,,,
,aivan,,,,,,,
,varma,,,,,,,
,onnistunko.,,,,,,,
,,,,,,,,
Sentence 49,Joku,,,,,,,
"One image proceeds, but another no longer looks.",kuva,,,,,,,
,"menettelee,",,,,,,,
,mutta,,,,,,,
,toinen,,,,,,,
,ei,,,,,,,
,enää,,,,,,,
,ole,,,,,,,
,näköinen.,,,,,,,
,,,,,,,,
Sentence 50,Erehdyn,,,,,,,
I also make a little mistake in length.,myös,,,,,,,
,vähän,,,,,,,
,pituudessa.,,in / regarding length,INESSIVE,TOPIC,LOCUS,,
,,,,,,,,
Sentence 51,Tässä,ADV,here,,,,,
"Here the little prince is too big, there too small.",pikku,,,,,,,
,prinssi,,,,,,,
,on,,,,,,,
,liian,,,,,,,
,"iso,",,,,,,,
,tuossa,,,,,,,
,liian,,,,,,,
,pieni.,,,,,,,
,,,,,,,,
Sentence 52,Myös,,,,,,,
"Also, the color of his dress'm not sure.(masculine)",hänen,,,,,,,
,pukunsa,NOM or GEN,dress,,,,,
,#NAME?,,his,POSSESSIVE SUFFIX,POSSESSOR,POSSESSOR,,
,väristä,,about the color,ELATIVE,TOPIC,SOURCE,"""The elative is often used for adverbials occurring after certain verbs: speaking, writing, thinking, understanding, liking, knowing (Karlsson 111)",
,olen,,I am ,,,,,
,epävarma.,"adj, NOM",unsure,,,,,
,,,,,,,,
Sentence 53,Hapuilen,,,,,,,
I sip* a little here and there.,vähän,,,,,,,
*fumble,sinne,"adverbial phrase, sublative case (adverbial case)",here,,,,"""Adverbial cases do not normally have attributes. That is why they are often regarded as adverbs"" (http://users.jyu.fi/~pamakine/kieli/suomi/sijat/sijatadverbien.html)",
,ja,ADVP,and,,,,,
,tänne.,ADVP,there,,,,,
,,,,,,,,
Sentence 54,Ja,,,,,,,
And I’m probably also mistaken in a few important details.,varmaan,,,,,,,
,erehdyn,,I err,,,,,
,myös,,,,,,,
,muutamissa,,a few,,,,,
,tärkeissä,,important,,,,,
,yksityiskohdissa.,,in details,INESSIVE,TOPIC,LOCUS,How do I pronounce this?,
,,,,,,,,
Sentence 55,Mutta,,,,,,,
But forgive me!,antakaa,"split up verb phrase: antaa anteeksi = ""to forgive"", object is allative",forgive (v),,,,,
,se,,it,,,,,
,minulle,,to me,ALLATIVE,THEME,RECIPIENT,Verb-specific theme,
,anteeksi!,interjection,forgive (v),,,,,
,,,,,,,,
Sentence 56,Ystäväni,,,,,,,
My friend didn't explain anything to me.,#NAME?,,,POSSESSIVE SUFFIX,POSSESSOR,POSSESSOR,,
,ei,,,,,,,
,selittänyt,,,,,,,
,minulle,,to me,ALLATIVE,RECIPIENT,RECIPIENT,,
,mitään.,,,,,,,
,,,,,,,,
Sentence 57,Hän,,,,,,,
He might have thought I was similar to him.(masculine),ehkä,,,,,,,
,"luuli,",,,,,,,
,että,,,,,,,
,minä,,,,,,,
,olin,,,,,,,
,samanlainen,,,,,,,
,kuin,,like,PREPOSITION,COMPARISONREF,COMPARISONREF,,
,hän.,,,,,,,
,,,,,,,,
Sentence 58,Mutta,,,,,,,
But unfortunately I can't see the sheep through the box.,minä,,,,,,,
,en,,,,,,,
,valitettavasti,,,,,,,
,osaa,,,,,,,
,nähdä,,see,,,,,
,lampaita,PARTITIVE,a (the?) sheep,,,,I thought partitives were indefinite? Google Translate appears to have decided otherwise,
,laatikon,GEN,box,GENITIVE,LOCUS,POSSESSOR,annotating prepositional object here. Might have to go back through and redo the objects that I missed.,
,läpi.,"""+"" GEN or ELATIVE",through,POSTPOSITION,LOCUS,PATH,läpi has often the nuance that the subject breaks something or at least touches it,
,,,,,,,,
Sentence 59,Muistutan,,I resemble,,,,,
Maybe I remind you a little bit of big people.,ehkä,ADV,"perhaps, maybe",,,,,
,vähän,ADV,a little,,,,,
,isoja,PARTITIVE,big ,,,,,
,ihmisiä.,PARTITIVE,people,,,,,
,,,,,,,,
Sentence 60,Olen,,I am,,,,,
I'm probably out of date.,varmaan,,probably,,,,,
,vanhentunut.,ADJ,outdated,,,,,
,,,,,,,,
,V,,,,,,,
,,,,,,,,
Sentence 1,Joka,NOM pron,every,,,,,
"Every day I heard something new about a star, a departure, or a trip.",päivä,NOM noun,day,,,,"No adposition or case... ""every day"" acts as a subject in the literal translation?",
,sain,,I learn,,,,,
,kuulla,,I hear,,,,,
,jotain,,something,,,,,
,uutta,,new,,,,,
,"tähdestä,",,about a star,ELATIVE,TOPIC,SOURCE,,
,lähdöstä,,about a departure,ELATIVE,TOPIC,SOURCE,,
,tai,,or,,,,,
,matkasta.,,about a trip,ELATIVE,TOPIC,SOURCE,,
,,,,,,,,
Sentence 2,Kaikki,,everything,,,,,
"Everything was told slowly, by random thoughts.",kerrottiin,,was told,,,,,
,"hiljalleen,",ADV,slowly,,,,,
,sattumalta,"ABL SG, also can be ADV","by chance, randomly, accidentally",ABLATIVE,MEANS,SOURCE,"""The ablative expresses movement off or from a surface, or from near, or from someone."" (Karlsson 117)",
,lausuttuina,"PST passive participle of ""to say"", essive",as was said,,,,,
,ajatuksina.,,as a thought/idea,ESSIVE,MANNER,IDENTITY,"The manner of speaking is as a thought. (""info comes from his thoughts"" in the English translation",
,,,,,,,,
Sentence 3,Näin,,this,,,,,
That’s how I got to hear a sad story about baobab trees on the third day.,sain,,I learn,,,,,
,kolmantena,essive,as the third,,,,,
,päivänä,essive,day,ESSIVE,TIME,IDENTITY,"""The essive is used in time expressions when the reference is to festivals and days of the week"" (Karlsson 124)",
,kuulla,,I heard,,,,Is there a reason kuulla is farther from sain now? Significance of time expression separating the SVC?,
,surullisen,,sad,,,,,
,tarinan,,story,,,,,
,baobabpuista.,,about baobab trees,ELATIVE,TOPIC,SOURCE,,
,,,,,,,,
Sentence 4,Tästäkin,,also,,,,,
"Here, too, I got to thank the sheep, for the little prince suddenly asked me just like a very serious matter:",sain,,I was allowed,,,,,
,kiittää,,to thank,,,,,
,"lammasta,","PAR, not ELA",the sheep,,,,,
,sillä,CONJ,for,,,,,
,pikku,,the little,,,,,
,prinssi,,prince,,,,,
,kysyi,,asked,,,,,
,minulta,ABL,from me,ABLATIVE,SOURCE,SOURCE,,
,äkkiä,,shortly,,,,,
,aivan,ADV,quite,,,,,
,kuin,,as/like ,PREPOSITION,THEME,COMPARISONREF,,
,hyvin,,very,,,,,
,vakavaa,,serious,,,,,
,asiaa:,PARTITIVE,matter,,,,,
,,,,,,,,
Sentence 5,-,,,,,,,
Is it true that sheep eat shrubs?,On,,,,,,,
,kai,,,,,,,
,"totta,",,,,,,,
,että,,,,,,,
,lampaat,,,,,,,
,syövät,,,,,,,
,pensaita?,,,,,,,
,,,,,,,,
Sentence 6,-,,,,,,,
(it) is. Really.,On.,,,,,,,
,Ihan,,,,,,,
,totta.,,,,,,,
,,,,,,,,
Sentence 7,-,,,,,,,
Well that's good!,No,,,,,,,
,se,,,,,,,
,on,,,,,,,
,hyvä!,,,,,,,
,,,,,,,,
Sentence 8,En,,,,,,,
I didn’t understand why it was so important that the sheep ate the bushes.,"ymmärtänyt,",,,,,,,
,miksi,ADV,why,,,,,
,oli,,it was,,,,,
,niin,ADV,so,,,,,
,"tärkeätä,",PAR,important,,,,,
,että,,,,,,,
,lampaat,,,,,,,
,söivät,,,,,,,
,pensaita.,,,,,,,
,,,,,,,,
Sentence 9,Mutta,,,,,,,
But the little prince added.,pikku,,,,,,,
,prinssi,,,,,,,
,lisäsi.,,,,,,,
,,,,,,,,
Sentence 10,-,,,,,,,
 Then they'll probably eat baobabs too?,Silloin,,,,,,,
,ne,,,,,,,
,syövät,,,,,,,
,varmaan,,"probably, for sure",,,,,
,myös,,"also, too",,,,,
,baobabeja?,,,,,,,
,,,,,,,,
Sentence 11,Sanoin,,I told,,,,,
"I told the little prince that the baobabs were not shrubs but giant trees, big like churches, and that even if he took an entire herd of elephants with him, there would be nothing for a single baobab.",pikku,,the little,,,,pikku doesn't inflect with prinssile...,
,prinssille,,prince,ALLATIVE,RECIPIENT,GOAL,,
,etteivät,,,,,,,
,baobabit,NOM,,,,,,
,olleet,,,,,,,
,pensaita,PAR,,,,,,
,vaan,,but,,,,,
,"jättiläispuita,",PAR,giant trees,,,,,
,isoja,,big,,,,,
,kuin,,like,PREPOSITION,COMPARISONREF,COMPARISONREF,,
,"kirkot,",NOM,churches,,,,,
,ja,,and,,,,,
,että,,that not,,,,,
,vaikka,CONJ,"although, even if",,,,,
,hän,,he,,,,,
,veisi,,would take,,,,,
,mukanaan,,"with, along, together + 3rd person form (HIM)",POSTPOSITION,ANCILLARY,ANCILLARY,,
,kokonaisen,GEN noun,whole,,,,,
,lauman,GEN noun,herd,GENITIVE,WHOLE,POSSESSOR,elephants of an entire herd,
,"norsuja,",PART,elephants,,,,,
,eivät,,,,,,,
,nekään,,,,,,,
,mahtaisi,,,,,,,
,mitään,,,,,,,
,yhdelle,,one,,,,,
,ainoalle,,the only,,,,,
,baobabille.,,for a baobab,ALLATIVE,BENEFICIARY,GOAL,,
,,,,,,,,
Sentence 12,Ajatus,,,,,,,
The thought of an elephant herd laughed at the little prince:,norsulaumasta,,about an elephant herd,ELATIVE,TOPIC,SOURCE,,
*made the little prince laugh,nauratti,,to make someone laugh,,,,,
,pikku,,,,,,,
,prinssiä:,PAR,,,,,,
,,,,,,,,
Sentence 13,-,,,,,,,
- We should put them on top of each other…,Ne,,them,,,,,
,pitäisi,AUX,should,,,,,
,meillä,,at us (possessor?),ADESSIVE,AGENT,LOCUS,This one is really weird to me... I don't understand why it's in the adessive case. The prince now believes they are the possessors of the elephant herd?,
,asettaa,,"set, place",,,,,
,päällekkäin…,ADV,one on top of the other,,,,,
,,,,,,,,
Sentence 14,Mutta,,,,,,,
But then he reasonably pointed out:(masculine),sitten,,,,,,,
,hän,,,,,,,
,huomautti,,pointed out,,,,,
,järkevästi:,ADV,reasonably,,,,,
,,,,,,,,
Sentence 15,-,,,,,,,
Baobabs are small at first before they grow.,Baobabit,,,,,,,
,ovat,,,,,,,
,alussa,,,,,,,
,"pieniä,",,,,,,,
,ennen,,,,,,,
,kuin,,,,,,,
,ne,,,,,,,
,kasvavat.,,,,,,,
,,,,,,,,
Sentence 16,-,,,,,,,
It is true!,Se,,,,,,,
,on,,,,,,,
,totta!,,,,,,,
,,,,,,,,
Sentence 17,Mutta,,,,,,,
But why do you hope your sheep eat small baobabs?,miksi,,why,,,,,
,toivot,,you hope,,,,,
,lampaasi,,,,,,,
,syövän,,,,,,,
,pieniä,,,,,,,
,baobabeja?,PARTITIVE,,,,,,
,,,,,,,,
Sentence 18,Hän,,,,,,,
He replied: >> Well but! >> and >> Of course! >> just as if the matter had been obvious.,vastasi:,,,,,,,
,>>No,,,,,,,
,mutta!>>,,,,,,,
,ja,,,,,,,
,>>Tietenkin!>>,,,,,,,
,aivan,ADV,quite,,,,,
,kuin,CONJ,"as if, like",,,,,
,asia,,the matter,,,,,
,olisi,,would be,,,,,
,ollut,,had been (PST),,,,,
,ilman,PREP +PAR,without,PREPOSITION,MANNER,ANCILLARY,"becomes ""of course"" with muuta",
,muuta,PRON,"other, another (reason, I'm guessing)",,,,,
,selvä.,NOM,"clear, obvious",,,,,
,,,,,,,,
Sentence 19,Mutta,,,,,,,
But I had to make a terrible effort when trying to solve this mystery all by myself.,minun,,,,,,,
,täytyi,,had to,,,,,
,ponnistella,,"push, struggle, exert myself",,,,,
,kauheasti,,terribly,,,,,
,yrittäessäni,,trying to,,,,,
,aivan,,quite,,,,,
,yksin,,alone,,,,,
,ratkaista,,to solve,,,,,
,tämmöistä,,such,,,,,
,arvoitusta.,PAR,mysteries,,,,,
,,,,,,,,
Sentence 20,Näin,,,,,,,
"This is how it was: the little prince's star, like everyone else, grew both good and evil plants.",se,,,,,,,
,oli:,,,,,,,
,pikku,,,,,,,
,prinssin,,the prince's,GENITIVE,POSSESSOR,POSSESSOR,,
,"tähdellä,",,,ADESSIVE,POSSESSION,LOCUS,,
,kuten,,like,PREPOSITION,COMPARISONREF,COMPARISONREF,,
,kaikilla,,everyone,ADESSIVE,POSSESSION (agreement),N/A because of agreement?,agreement with tähdellä...,
,"muillakin,",,else,,,,,
,kasvoi,,grew,,,,,
,sekä,,"both, together with",,,,,
,hyviä,,good,,,,,
,että,,that (and?),,,,,
,pahoja,,evil,,,,,
,kasveja.,PAR,plants,,,,,
,,,,,,,,
Sentence 21,Siellä,ADV,so,,,,,
So there were also good seeds of good plants and bad seeds of bad plants.,oli,,,,,,,
,siis,ADV,then,,,,,
,myös,ADV,also,,,,,
,hyvien,,good,,,,,
,kasvien,GEN,of plants,GENITIVE,POSSESSOR,POSSESSOR,,
,hyviä,,good,,,,,
,siemeniä,PAR,some seeds (indef),,,,,
,ja,,,,,,,
,pahojen,,bad,,,,,
,kasvien,,of plants,GENITIVE,POSSESSOR,POSSESSOR,,
,pahoja,,bad,,,,,
,siemeniä.,,some seeds (indef),,,,,
,,,,,,,,
Sentence 22,Mutta,,,,,,,
But the seeds are invisible.,siemenet,,,,,,,
,ovat,,,,,,,
,näkymättömiä.,,,,,,,
,,,,,,,,
Sentence 23,Ne,,they,,,,,
They sleep in the ground until one of them gets up in her head ..(feminine),nukkuvat,,they sleep,,,,,
,maan,GEN,"of the earth, ground",,,,,
,"sisässä,","POSTP, preceding word is in genitive",inside,POSTPOSITION,LOCUS,LOCUS,"Wiktionary: Can be used postpositionally, in which case the preceding word is in genitive.",
,kunnes,conj,until,,,,,
,joku,,one,,,,,
,niistä,,of them,ELATIVE,WHOLE,SOURCE,,
,saa,,gets,,,,,
,päähänsä,,on its head,ILLATIVE,GOAL,GOAL,"""Direction into"", ""endpoint of a change or movement"" (Karlsson 112)",
,#NAME?,,its,POSSESSIVE SUFFIX,POSSESSOR,POSSESSOR,,
,herätä.,Lative case?,to wake up,,,,,
,,,,,,,,
Sentence 24,Silloin,,,,,,,
"Then it stretches itself and first shyly pushes towards the sun a small, charming and innocent-looking trout.",se,,,,,,,
trout -> seedling,venyttelee,,,,,,,
,itseään,PAR,itself,,,,,
,ja,,,,,,,
,työntää,,pushes,,,,,
,ensin,,at first,,,,,
,ujosti,,shly,,,,,
,aurinkoa,PAR,the sun,,,,,
,kohti,,towards (concrete),POSTPOSITION,GOAL,GOAL,,
,pienen,ACC,a small,,,,,
,viehättävän,ACC,charming,,,,,
,ja,,,,,,,
,viattoman,,innocent,,,,,
,näköisen,,looking,,,,,
,taimen.,,seedling,,,,,
,,,,,,,,
Sentence 25,Jos,,,,,,,
"If it is a radish or rose seedling, it can be allowed to grow freely.",se,,,,,,,
,on,,,,,,,
,retiisin,,,,,,,
,tai,,or,,,,,
,ruusun,,,,,,,
,"taimi,",,,,,,,
,voi,,can,,,,,
,sen,,it,,,,,
,antaa,,give,,,,,
,kasvaa,,to grow,,,,,
,vapaasti.,,freely,,,,,
,,,,,,,,
Sentence 26,Mutta,,,,,,,
"But if it is a weed, the seedling must be uprooted as soon as it is found.",jos,,,,,,,
,se,,,,,,,
,on,,,,,,,
,"rikkaruoho,",,,,,,,
,on,,,,,,,
,taimi,,,,,,,
,kitkettävä,,weeded ,,,,,
,pois,"ADV, not prep",out,,,,,
,"heti,",,immediately,,,,,
,kun,,,,,,,
,se,,it,,,,,
,on,,is,,,,,
,löytynyt.,,found,,,,,
,,,,,,,,
Sentence 27,Ja,,,,,,,
And the little prince's star had absolutely awful seeds… baobab seeds.,pikku,,,,,,,
,prinssin,GEN,of the prince,GENITIVE,POSSESSOR,POSSESSOR,,
,tähdellä,,on the star,ADESSIVE,LOCUS,LOCUS,,
,oli,,there were,,,,,
,avian,,absolutely,,,,,
,hirveitä,,terrible,,,,,
,siemeniä…,PAR,seeds,,,,,
,baobabin,,,,,,,
,siemeniä.,,,,,,,
,,,,,,,,
Sentence 28,Tähden,GEN,of the star,GENITIVE,POSSESSOR,POSSESSOR,,
The whole soil of the star was full of them.,koko,ADJ,the whole,,,,,
,maaperä,NOM,soil,,,,,
,oli,,,,,,,
,niitä,PAR,them,,,,,
,täynnä.,ADV,"full of, replete with",POSTPOSITION?,STUFF,STUFF,"adpositional-y, but not classified as one.",
,,,,,,,,
Sentence 29,Ja,,,,,,,
"And Baobab is such that if you notice it too late, you can’t get rid of it anymore.",baobab,,,,,,,
,on,,,,,,,
,"sellainen,",,,,,,,
,että,,,,,,,
,jos,,,,,,,
,sen,,,,,,,
,huomaa,,,,,,,
,liian,,,,,,,
,"myöhään,",,,,,,,
,niin,,,,,,,
,ei,,,,,,,
,siitä,,from it,ELATIVE,SOURCE,SOURCE,,
,enää,,,,,,,
,pääse,,,,,,,
,millään,PRON/ADJ,any,ADESSIVE,LOCUS,LOCUS,??? I don't understand the relationship between the elative and adessive-marked nouns.,
,irti.,ADV,"clear, loose",,,,,
,,,,,,,,
Sentence 30,Se,,,,,,,
It takes over the whole star.,valtaa,,,,,,,
,koko,,,,,,,
,tähden.,ACC,,,,,,
,,,,,,,,
Sentence 31,Se,,it,,,,,
It pierces it at its roots.,lävistää,,it pierces,,,,,
,sen,,its,,,,,
,juurillaan.,,at its roots,ADESSIVE,LOCUS,LOCUS,,
,,,,,,,,
Sentence 32,Ja,,,,,,,
"And if the star is too small and the baobabs too many, then they will eventually blow up the whole star.",jos,,,,,,,
,tähti,,,,,,,
,on,,,,,,,
,liian,,,,,,,
,pieni,,,,,,,
,ja,,,,,,,
,baobabeja,,,,,,,
,liian,,,,,,,
,"paljon,",,,,,,,
,niin,,,,,,,
,ne,,,,,,,
,lopulta,,eventually,,,,,
,räjäyttävät,,"blow up (intransitive, or forced transitive?)",,,,,
,koko,,,,,,,
,tähden.,,,,,,,
,,,,,,,,
Sentence 33,>>Siinä,,,,,,,
">> It takes discipline and order >>, the little prince told me later.",tarvitaan,,,,,,,
,kuria,,,,,,,
,ja,,,,,,,
,"järjestystä>>,",,,,,,,
,kertoi,,told,,,,,
,pikku,,,,,,,
,prinssi,,,,,,,
,minulle,,to me,ALLATIVE,RECIPIENT,GOAL,,
,myöhemmin.,ADV,later,,,,,
,,,,,,,,
Sentence 34,>>Kun,,,,,,,
">> After cleaning yourself and your room first in the morning, you need to clean the whole star carefully.",on,,,,,,,
,aamulla,ADESSIVE,at morning,ADESSIVE,TIME,LOCUS,,
,ensin,ADV,first,,,,,
,siistinyt,,,,,,,
,itsensä,,,,,,,
,ja,,,,,,,
,"huoneensa,",,your room,,,,,
,#NAME?,,,POSSESSIVE SUFFIX,POSSESSOR,POSSESSOR,,
,täytyy,,must,,,,,
,siistiä,,clean (ACTIVE),,,,,
,koko,,,,,,,
,tähti,,,,,,,
,huolellisesti.,,carefully,,,,,
,,,,,,,,
Sentence 35,Baobabit,,,,,,,
"Baobabs must be uprooted regularly and as soon as they can be distinguished from the thorn bushes, which they much resemble when they were very small.",on,,,,,,,
,kitkettävä,,,,,,,
,säännöllisesti,,regularly,,,,,
,ja,,,,,,,
,"heti,",,immediately,,,,,
,kun,,,,,,,
,ne,,,,,,,
,voi,,can,,,,,
,erottaa,,distinguish,,,,,
,"orjantappurapensaista,",,from the thorn bushes,ELATIVE,COMPARISONREF,SOURCE,,
,joita,,whom,,,,,
,ne,,,,,,,
,paljon,ADV,much,,,,,
,muistuttavat,,resemble,,,,,
,aivan,ADV,very,,,,,
,pieninä,ESSIVE plural,as small (things),ESSIVE,IDENTITY,IDENTITY,,
,ollessaan.,,were,,,,,
,,,,,,,,
Sentence 36,Se,,,,,,,
"It's an incredibly tedious job, even if very easy. >>",on,,,,,,,
,tavattoman,ADV,exceedingly,,,,,
,ikävää,,"tedious, boring, sad, nasty",,,,,
,"työtä,",PAR,work,,,,,
,vaikka,,even if,,,,,
,hyvin,,very,,,,,
,helppoa.>>,PAR,easy,,,,,
,,,,,,,,
Sentence 37,Ja,,,,,,,
And one day he urged me to try a really nice drawing to make this thing work out properly for the children of Earth.,eräänä,,one,,,,,
,päivänä,essive,day,ESSIVE,TIME,IDENTITY,"""The essive is used in time expressions when the reference is to festivals and days of the week"" (Karlsson 124)",
,hän,,,,,,,
,kehotti,,urge,,,,,
,minua,PAR,me,,,,,
,yrittämään,,to try,,,,,
,oikein,,,,,,,
,hienoa,,,,,,,
,"piirustusta,",PAR,drawing,,,,,
,jotta,CONJ,so,,,,,
,tämä,,this,,,,,
,asia,,"thing, matter",,,,,
,selviäisi,intransitive,get solved,,,,,
,kunnolla,,properly,,,,,
,Maan,,of Earth,GENITIVE,POSSESSOR,POSSESSOR,,
,lapsille.,ALLATIVE,for the children,ALLATIVE,BENEFICIARY,GOAL,,
,,,,,,,,
Sentence 38,>>Jos,,,,,,,
">> If they ever have to travel >>, he said, >> this can be good for them.",he,,,,,,,
,joskus,,sometimes,,,,,
,joutuvat,,,,,,,
,"matkustamaan>>,",,,,,,,
,hän,,,,,,,
,"sanoi,",,,,,,,
,>>voi,,,,,,,
,tästä,,,,,,,
,olla,,,,,,,
,heille,,for them,ALLATIVE,BENEFICIARY,GOAL,,
,hyötyä.,,put/turn to good account,,,,,
,,,,,,,,
Sentence 39,Joskus,,,,,,,
,voi,,,,,,,
,vaaratta,,safely,,,,,
,jättää,,leave,,,,,
,työnsä,,your job,,,,,
,#NAME?,,,POSSESSIVE SUFFIX,POSSESSOR,POSSESSOR,,
,huomiseen.,,into/until tomorrow,ILLATIVE,TIME,GOAL,,
,,,,,,,,
Sentence 40,Mutta,,,,,,,
"But when it comes to baobabs, it’s always dangerous.",kun,,,,,,,
,on,,,,,,,
,kysymys,NOM,the issue/matter,,,,,
,"baobabeista,",,about the baobabs,ELATIVE,TOPIC,SOURCE,,
,on,,,,,,,
,se,,,,,,,
,aina,ADV,always,,,,,
,vaarallista.,ADJ,dangerous,,,,,
,,,,,,,,
Sentence 41,Olen,,,,,,,
"I have seen the star, who lived in the lazybones.",nähnyt,,,,,,,
,"tähden,",,,,,,,
,jolla,,on which/whom,ADESSIVE,LOCUS,LOCUS,,
,asui,"3P, SING",lived,,,,,
,laiskuri.,NOM,the idler,,,,,
,,,,,,,,
Sentence 42,Hän,,,,,,,
He had failed to eradicate three taints… >>(masculine),oli,,,,,,,
"*seedlings, saplings, not taints",jättänyt,,,,,,,
,kitkemättä,,,,,,,
,kolme,,,,,,,
,tainta…>>,,,,,,,
,,,,,,,,
Sentence 43,Pikku,,,,,,,
"The Little Prince, the report I have drawn a picture of that star.",prinssin,,of the Prince,GENITIVE,POSSESSOR,POSSESSOR,,
"*According to the Little Prince's report,",selostuksen,,the report,,,,"""According to"" is not analyzed in SNACS. I'm tempted to say SOURCE?  I.e., ""from the Little Prince's report""",
,mukaan,POSTP + GEN,according to,POSTPOSITION,SOURCE?,SOURCE?,"""For annotating data, there needs to be a way to indicate that none of the adpositio nsupersenses apply to a particular token. ""according to"" is a discourse marker"" (Schneider 89)",
,olen,,I,,,,,
,piirtänyt,,have drawn,,,,,
,tuon,,that,,,,,
,tähden,,of the star,GENITIVE,TOPIC,POSSESSOR,,
,kuvan.,ACC,a picture,,,,,
,,,,,,,,
Sentence 44,En,,do not,,,,,
I don’t like to appear as a preaching teacher.,mielelläni,,preferably,,,,,
,#NAME?,1P possessive suffix,"possessive suffix, but on an adverb...",,,,,
,esiinny,indicative present connegative,appear,,,,,
,saarnaavana,,preaching,,,,,
,opettajana.,,as a teacher,ESSIVE,IDENTITY,IDENTITY,,
,,,,,,,,
Sentence 45,Mutta,,,,,,,
"But baobabs are so little known, and they are so dangerous to anyone who happens to get lost in such a star that I now deviate from my habits for once.",baobabeja,,,,,,,
,tunnetaan,,,,,,,
,niin,,,,,,,
,"vähän,",,,,,,,
,ja,,,,,,,
,ne,,,,,,,
,ovat,,,,,,,
,niin,,,,,,,
,vaarallisia,,dangerous,,,,,
,"sille,",,"for it, that, anyone",ALLATIVE,EXPERIENCER,GOAL,,
,joka,,who,,,,,
,sattuisi,,happens,,,,,
,eksymään,,to get lost,,,,"Wiktionary: eksyä takes an illative (or, with some words, allative) case for location, i.e. require the question ""where ... to?"" instead of ""where?"".",
,tuollaiseen,,into such,,,,,
,"tähteen,",,into a star,ILLATIVE,GOAL,GOAL,"Getting lost ""into a star"".  This is different from my English intuition! I almost put LOCUS as the scene role, but GOAL matches the lexical specificites of eksymään better.",
,että,,,,,,,
,poikkean,,I deviate,,,,,
,nyt,adv,now,,,,,
,kerrankin,adv,for once,,,,,
,tavoistani.,,from my habits,ELATIVE,SOURCE,SOURCE,,
,#NAME?,,,POSSESSIVE SUFFIX,POSSESSOR,POSSESSOR,,
,,,,,,,,
Sentence 46,Sanon:,,,,,,,
I say: >> Children!,>>Lapset!,NOM,,,,,,
,,,,,,,,
Sentence 47,Varokaa,,,,,,,
Beware of baobabs! >>,baobabeja!>>,,,,,,,
,,,,,,,,
Sentence 48,Olen,,I,,,,,
I was forward to the bouquet that the drawing To enable me to properly warn my friends of the danger that we have been threatened for a long time without knowing it.,ahkeroinut,"PAST ACTIVE PARTICIPLE, intransitive","I having worked hard, applied myself to, toiled",,,,,
,tuon,ACC,that,,,,,
,piirustuksen,ACC,drawing,,,,,
,kimpussa,INESSIVE,"on, at, after someone",,,,,
,voidakseni,,to be able to,,,,,
,kunnolla,ADV,properly,,,,,
,varoittaa,,warn,,,,,
,ystäviäni,PAR,my friends,,,,,
,#NAME?,,,POSSESSIVE SUFFIX,POSSESSOR,POSSESSOR,,
,"vaarasta,",,about danger,ELATIVE,TOPIC,SOURCE,,
,joka,,which,,,,,
,meitä,PAR,us,,,,,
,on,,,,,,,
,kauan,ADV,for a long time,,,,,
,aikaa,PAR,time,,,,,
,tietämättämme,ADV,"unknowingly, unbenknownst to",,,,,
,uhannut.,,threatened,,,,,
,,,,,,,,
Sentence 49,Piirustuksen,,of the picture,,AGENT/SOURCE,POSSESSOR,"Personified agent, but paintings can't strictly be agentive teachers. What do you think?",
The teaching given by the drawing is worth the effort.,antama,,given,,,,,
,opetus,"NOUN, NOM",the teaching,,,,,
,on,,,,,,,
,vaivan,GENITIVE suffix,effort,,,,,
,arvoinen.,"ADJ, follows a GEN/POSS suffix",worth,,,,,
,,,,,,,,
Sentence 50,Ehkä,,perhaps,,,,,
You may be wondering why there are no drawings in this book as magnificent as the image of the Baobabs?,"ihmettelette,",,you wonder,,,,,
,miksi,,why,,,,,
,ei,,,,,,,
,tässä,INESSIVE PN,in this,INESSIVE,LOCUS,LOCUS,,
,kirjassa,,in the book,INESSIVE,LOCUS,LOCUS,,
,ole,,,,,,,
,muita,PAR,"other, else",,,,,
,yhtä,ADV,"equally, as",,,,,
,suurenmoisia,PAR,magnificent,,,,,
,piirustuksia,PAR,,,,,,
,kuin,takes NOM,like,PREPOSITION,COMPARISONREF,COMPARISONREF,,
,baobabien,,of the baobabs,GENITIVE,TOPIC,POSSESSOR,,
,kuva?,,the image/picture,,,,,
,,,,,,,,
Sentence 51,Vastaus,,,,,,,
"The answer is very simple: I have tried, but failed.",on,,,,,,,
,hyvin,,,,,,,
,yksinkertainen:,,,,,,,
,Olen,,,,,,,
,"yrittänyt,",,,,,,,
,mutta,,,,,,,
,epäonnistunut.,,,,,,,
,,,,,,,,
Sentence 52,Baobabeja,PAR,,,,,,
"When I was drawing Baobabs, I was inspired by a sense of importance.",piirtäessäni,,in the drawings/paintings (of?),INESSIVE,TOPIC,LOCUS,,
,#NAME?,,,POSSESSIVE SUFFIX,POSSESSOR,POSSESSOR,,
,minua,PAR,me,,,,,
,kannusti,,it encouraged,,,,,
,tunne,NOM,"a feeling, sensation",,,,,
,asian,GEN sing,"of an issue, matter, affair",GENITIVE,THEME,POSSESSOR,"You feel/sense a ""theme"", a feeling of excitement = feeling or showing excitement, a sensation of basil = sensing basil. ",
,tärkeydestä.,,of/about importance,ELATIVE,CHARACTERISTIC,SOURCE,"A matter of importance = a characteristic, a property value, e.g. ""a car of high quality"", ""a man of honor""",